SPAWNPOINT,100,100
GROUND,0,0,800
ENEMY,150,272,WILLOWISP,0,200
PLATFORM,280,160,2
ENEMY,450,250,WILLOWISP,0,150
MOVINGPLATFORM,550,250,2,VERTICAL,300,500
PLATFORM,750,600,3
CHECKPOINT,800,672
PLATFORM,1250,150,2
ENEMY,1250,222,FIREBALL,1100d,1400
WALL,1400,144,3
PLATFORM,1550,150,2
ENEMY,1600,222,FIREBALL,1450,1650
PLATFORM,1950,150,1
ENEMY,2100,222,FIREBALL,1950,2100
PLATFORM,2300,200,2
MOVINGPLATFORM,2500,250,2,HORIZONTAL,2500,3000
PLATFORM,2750,500,1
ENEMY,2800,572,FIREMAGE,2800,2800
PLATFORM,2950,428,1
ENEMY,3000,500,FIREMAGE,2950,3000
GROUND,3000,0,4500
ENEMY,3100,250,FIREMAGE,3050,3200
PLATFORM,3350,150,1
PLATFORM,3600,100,1
ENEMY,3500,172,WILLOWISP,0,400
ENEMY,3600,172,WILLOWISP,0,500
MOVINGPLATFORM,3700,200,2,VERTICAL,200,300
PLATFORM,3850,250,2
CHECKPOINT,3900,322
ENEMY,4000,222,FIREMAGE,3950,4150
PLATFORM,4200,180,3
ENEMY,4300,252,FIREBALL,4250,4450
PLATFORM,4550,150,4
PREFAB,4700,222,3